{
  "dataset": "breast_cancer",
  "n_features": 30,
  "n_classes": 2,
  "hidden_sizes": [
    64,
    32
  ],
  "epochs": 100,
  "batch_size": 32,
  "learning_rate": 0.01,
  "test_accuracy": 0.9736842105263158,
  "precision": 0.9737190197716513,
  "recall": 0.9736842105263158,
  "f1": 0.973621425014614,
  "roc_auc": 0.9914837864395677,
  "confusion_matrix": [
    [
      41,
      2
    ],
    [
      1,
      70
    ]
  ]
}